{
  "results": {
    "LinearRegression": {
      "mae": 2189373.1208506194,
      "rmse": 2903982.2723545423,
      "r2": 0.9407861015064383
    },
    "RandomForest": {
      "mae": 1541510.0,
      "rmse": 2067657.1399926294,
      "r2": 0.969981237550897
    },
    "XGBoost": {
      "mae": 1558523.5,
      "rmse": 2010799.8741515775,
      "r2": 0.9716094732284546
    },
    "GradientBoosting": {
      "mae": 1173192.6886065823,
      "rmse": 1667450.679156197,
      "r2": 0.9804772169964439
    }
  },
  "best": "GradientBoosting"
}